"","gender","weight","height"
"1","M",91.8182961725645,176.293660938336
"2","F",58.9141550801303,158.237608717705
"3","F",46.2810569820268,160.764555975679
"4","M",95.3065839913115,186.238381222837
"5","M",89.9201676817829,179.040700159279
"6","M",92.0516278142499,172.348691883584
"7","M",63.1031984667004,167.427191578286
"8","M",87.9465842008853,171.905745477755
"9","F",46.9586793990021,162.983636752816
"10","M",123.708786726778,204.160145913454
